code,name,region,subtype,budget,pain,digital,buyer,raw_opportunity_score,target,band,distress,distress_reason,trend,top_pain,sales_play,trigger,next_action,confidence,confidence_reason,beds,dma_overall,finance_planned_sd_pct,segment,dqmi,dq_weak,shmi,shmi_band,cqc_overall,cqc_well_led,cqc_below_good,q3_var_pct,q3_forecast_deficit,q3_dsf,fdp_live,fdp_benefits,op_income_k,op_margin_pct,capital_k,pursuit_rank
RJE,University Hospitals of North Midlands NHS Trust,Midlands,Acute - Teaching,84.3,68.8,71.8,,75.0,75.0,A,False,,Improving,A&E 4-hour,UEC / A&E flow,A&E 4-hour under pressure,Call,High,6/6 features present; buyer-openness deferred (no procurement source in MVP),1418,2.37,0.0,3,92.0,,1.268,1.0,Good,Good,No,0.0,No,No,Yes,Yes,1292878.0,1.64,109802,1
RTG,University Hospitals of Derby and Burton NHS Foundation Trust,Midlands,Acute - Teaching,89.1,78.3,47.4,,74.8,74.8,A,False,,Improving,Cancer FDS,Cancer / diagnostics pathway,Cancer FDS under pressure,Call,High,6/6 features present; buyer-openness deferred (no procurement source in MVP),1592,2.53,-2.39,3,91.9,,0.891,2.0,Good,Good,No,-1.5,No,Yes,Yes,Yes,1351887.0,2.37,98606,2
R1H,Barts Health NHS Trust,London,Acute - Teaching,97.7,55.1,52.7,,69.6,69.6,B,False,,Improving,Diagnostics 6-wk,Cancer / diagnostics pathway,Diagnostics 6-wk under pressure,Enrich,High,6/6 features present; buyer-openness deferred (no procurement source in MVP),2213,3.0,0.0,3,89.7,,1.025,2.0,Requires improvement,Good,Yes,-0.6,No,No,Yes,Yes,2652139.0,3.19,232617,3
RHQ,Sheffield Teaching Hospitals NHS Foundation Trust,North East and Yorkshire,Acute - Teaching,76.2,65.5,57.0,,67.3,67.3,B,False,,Volatile,Diagnostics 6-wk,Cancer / diagnostics pathway,Diagnostics 6-wk under pressure,Enrich,High,6/6 features present; buyer-openness deferred (no procurement source in MVP),1640,2.5,0.0,2,89.1,,0.936,2.0,Good,Requires improvement,No,0.0,No,No,No,No,1764997.0,0.15,110576,4
RTH,Oxford University Hospitals NHS Foundation Trust,South East,Acute - Teaching,87.7,51.0,62.8,,66.7,66.7,B,False,,Volatile,Cancer 62-day,Cancer / diagnostics pathway,Cancer 62-day under pressure,Enrich,High,6/6 features present; buyer-openness deferred (no procurement source in MVP),1103,2.3,-1.02,3,91.8,,0.9,2.0,Good,Good,No,0.0,No,Yes,Yes,No,1752455.0,1.64,174366,5
RAL,Royal Free London NHS Foundation Trust,London,Acute - Teaching,83.8,44.7,68.1,,64.0,64.0,B,False,,Improving,A&E 12-hour,UEC / A&E flow,A&E 12-hour under pressure,Enrich,High,6/6 features present; buyer-openness deferred (no procurement source in MVP),1529,2.24,-1.97,3,88.8,,0.862,2.0,Good,Good,No,-0.2,No,No,No,No,1877585.0,0.59,281114,6
RR8,Leeds Teaching Hospitals NHS Trust,North East and Yorkshire,Acute - Teaching,83.2,41.4,73.0,,63.6,63.6,B,False,,Improving,RTT 52-week,Elective recovery / RTT,RTT 52-week under pressure,Enrich,High,6/6 features present; buyer-openness deferred (no procurement source in MVP),1932,2.49,0.0,3,41.3,APC;CSDS;ECDS;MHSDS;MSDS;OP,1.124,2.0,Good,Good,No,-0.9,No,No,Yes,Yes,2124726.0,0.52,180144,7
RJZ,King's College Hospital NHS Foundation Trust,London,Acute - Teaching,79.4,57.2,49.9,,63.3,63.3,B,False,,Improving,Cancer FDS,Cancer / diagnostics pathway,Cancer FDS under pressure,Enrich,High,6/6 features present; buyer-openness deferred (no procurement source in MVP),1477,2.51,-4.06,3,90.7,,0.965,2.0,Requires improvement,Requires improvement,Yes,0.2,No,Yes,No,No,1936409.0,0.17,155652,8
RTD,The Newcastle Upon Tyne Hospitals NHS Foundation Trust,North East and Yorkshire,Acute - Teaching,89.8,34.5,72.8,,63.0,63.0,B,False,,Improving,Cancer 62-day,Cancer / diagnostics pathway,Cancer 62-day under pressure,Enrich,High,6/6 features present; buyer-openness deferred (no procurement source in MVP),1563,2.36,0.0,3,91.2,,0.853,3.0,Requires improvement,Requires improvement,Yes,0.0,No,No,Yes,Yes,1772674.0,1.95,137517,9
RGN,North West Anglia NHS Foundation Trust,East,Acute - Large,70.3,61.0,54.9,,62.8,62.8,B,False,,Improving,Diagnostics 6-wk,Cancer / diagnostics pathway,Diagnostics 6-wk under pressure,Enrich,High,6/6 features present; buyer-openness deferred (no procurement source in MVP),1109,2.04,0.0,3,94.3,,1.0,2.0,Good,Good,No,-0.2,No,No,Yes,Yes,780881.0,1.09,54876,10
RXQ,Buckinghamshire Healthcare NHS Trust,South East,Acute - Multi-Service,62.0,53.6,76.6,,62.0,62.0,B,False,,Improving,Cancer FDS,Cancer / diagnostics pathway,Cancer FDS under pressure,Enrich,High,6/6 features present; buyer-openness deferred (no procurement source in MVP),532,2.26,-1.81,3,85.9,,0.807,3.0,Good,Good,No,0.0,No,Yes,Yes,Yes,709896.0,0.58,106129,11
RH8,Royal Devon University Healthcare NHS Foundation Trust,South West,Acute - Large,62.0,64.6,56.6,,61.8,61.8,C,False,,Improving,Diagnostics 6-wk,Cancer / diagnostics pathway,Diagnostics 6-wk under pressure,Monitor,High,6/6 features present; buyer-openness deferred (no procurement source in MVP),1161,2.51,0.0,3,85.4,,0.955,2.0,Good,Good,No,,No,No,Yes,Yes,1215317.0,-1.45,155240,12
RHM,University Hospital Southampton NHS Foundation Trust,South East,Acute - Teaching,71.9,46.0,71.9,,61.2,61.2,C,False,,Improving,RTT 52-week,Elective recovery / RTT,RTT 52-week under pressure,Monitor,High,6/6 features present; buyer-openness deferred (no procurement source in MVP),1284,2.41,-1.0,3,93.0,,0.81,3.0,Good,Good,No,-2.8,No,Yes,Yes,Yes,1453978.0,-0.21,158138,13
RC9,Bedfordshire Hospitals NHS Foundation Trust,East,Acute - Medium,64.9,53.9,68.3,,61.1,61.1,C,False,,Volatile,Diagnostics 6-wk,Cancer / diagnostics pathway,Diagnostics 6-wk under pressure,Monitor,High,6/6 features present; buyer-openness deferred (no procurement source in MVP),1138,2.0,0.0,3,95.6,,0.978,2.0,Good,Good,No,-1.4,No,No,Yes,No,911244.0,0.11,143034,14
RRV,University College London Hospitals NHS Foundation Trust,London,Acute - Teaching,93.6,39.1,50.9,,61.1,61.1,C,False,,Volatile,Diagnostics 6-wk,Cancer / diagnostics pathway,Diagnostics 6-wk under pressure,Monitor,High,6/6 features present; buyer-openness deferred (no procurement source in MVP),899,3.39,0.67,1,84.6,,0.829,3.0,Good,Good,No,0.1,No,No,No,No,1779948.0,2.79,219129,15
RD8,Milton Keynes University Hospital NHS Foundation Trust,East,Acute - Teaching,52.8,71.8,54.4,,61.0,61.0,C,False,,Improving,RTT 52-week,Elective recovery / RTT,RTT 52-week under pressure,Monitor,High,6/6 features present; buyer-openness deferred (no procurement source in MVP),615,2.07,0.0,3,92.0,,1.121,2.0,Good,Good,No,0.0,No,No,Yes,Yes,444542.0,1.03,68474,16
RJ7,St George's University Hospitals NHS Foundation Trust,London,Acute - Teaching,75.9,37.6,77.2,,60.5,60.5,C,False,,Improving,RTT 18-week,Elective recovery / RTT,RTT 18-week under pressure,Monitor,High,6/6 features present; buyer-openness deferred (no procurement source in MVP),889,2.29,-3.26,3,92.5,,0.854,3.0,Requires improvement,Requires improvement,Yes,0.0,No,Yes,No,No,1328170.0,0.51,147171,17
RBD,Dorset County Hospital NHS Foundation Trust,South West,Acute - Small,56.7,65.6,56.8,,60.4,60.4,C,False,,Volatile,Cancer 62-day,Cancer / diagnostics pathway,Cancer 62-day under pressure,Monitor,High,6/6 features present; buyer-openness deferred (no procurement source in MVP),365,2.17,-3.18,3,91.8,,1.015,2.0,Good,Good,No,,No,No,No,No,353288.0,5.01,50333,18
RM1,Norfolk and Norwich University Hospitals NHS Foundation Trust,East,Acute - Teaching,83.9,47.3,46.3,,60.0,60.0,C,False,,Volatile,RTT 52-week,Elective recovery / RTT,RTT 52-week under pressure,Monitor,High,6/6 features present; buyer-openness deferred (no procurement source in MVP),995,2.36,-0.28,3,95.2,,1.164,1.0,Requires improvement,Requires improvement,Yes,-1.1,No,Yes,Yes,Yes,1083172.0,2.2,86370,19
RA9,Torbay and South Devon NHS Foundation Trust,South West,Acute - Multi-Service,31.4,75.9,74.7,,59.9,59.9,C,False,,Worsening,A&E 4-hour,UEC / A&E flow,A&E 4-hour worsening,Monitor,High,6/6 features present; buyer-openness deferred (no procurement source in MVP),386,1.51,-5.51,3,90.5,,0.951,2.0,Requires improvement,Good,Yes,,No,Yes,No,No,729285.0,-5.84,82416,20
RGT,Cambridge University Hospitals NHS Foundation Trust,East,Acute - Teaching,71.5,62.9,36.5,,59.7,59.7,C,False,,Worsening,A&E 4-hour,UEC / A&E flow,A&E 4-hour worsening,Monitor,High,6/6 features present; buyer-openness deferred (no procurement source in MVP),1127,2.94,0.0,2,88.5,,0.986,2.0,Good,Good,No,0.4,No,No,Yes,No,1627187.0,-0.42,158251,21
RKB,University Hospitals Coventry and Warwickshire NHS Trust,Midlands,Acute - Teaching,86.9,54.4,26.5,,59.3,59.3,C,False,,Improving,RTT 18-week,Elective recovery / RTT,RTT 18-week under pressure,Monitor,High,6/6 features present; buyer-openness deferred (no procurement source in MVP),1150,2.91,-1.62,3,88.4,,1.208,1.0,Good,Good,No,0.0,No,Yes,Yes,Yes,1125525.0,2.6,70383,22
R0A,Manchester University NHS Foundation Trust,North West,Acute - Teaching,88.9,39.5,46.9,,58.7,58.7,C,False,,Improving,RTT 18-week,Elective recovery / RTT,RTT 18-week under pressure,Monitor,High,6/6 features present; buyer-openness deferred (no procurement source in MVP),2275,3.41,0.0,3,87.6,,1.042,2.0,Good,Good,No,0.0,No,No,Yes,Yes,3099231.0,1.01,200032,23
RVJ,North Bristol NHS Trust,South West,Acute - Large,85.8,35.1,56.3,,58.0,58.0,C,False,,Improving,Cancer 62-day,Cancer / diagnostics pathway,Cancer 62-day under pressure,Monitor,High,6/6 features present; buyer-openness deferred (no procurement source in MVP),1066,2.14,0.0,2,90.0,,0.95,2.0,Good,Good,No,,No,No,Yes,No,1051002.0,2.98,75771,24
RN3,Great Western Hospitals NHS Foundation Trust,South West,Acute - Medium,56.2,69.1,40.5,,57.8,57.8,C,False,,Improving,RTT 18-week,Elective recovery / RTT,RTT 18-week under pressure,Monitor,High,6/6 features present; buyer-openness deferred (no procurement source in MVP),615,2.09,-1.86,3,92.0,,0.981,2.0,Good,Good,No,-1.4,No,Yes,Yes,Yes,564997.0,0.59,38665,25
RJ1,Guy's and St Thomas' NHS Foundation Trust,London,Acute - Teaching,83.2,43.7,42.2,,57.3,57.3,C,False,,Volatile,Diagnostics 6-wk,Cancer / diagnostics pathway,Diagnostics 6-wk under pressure,Monitor,High,6/6 features present; buyer-openness deferred (no procurement source in MVP),1293,2.79,0.0,1,91.6,,0.949,2.0,Good,Good,No,0.0,No,No,No,No,3170635.0,0.42,419675,26
RJ2,Lewisham and Greenwich NHS Trust,London,Acute - Large,78.6,53.0,31.2,,56.9,56.9,C,False,,Improving,RTT 52-week,Elective recovery / RTT,RTT 52-week under pressure,Monitor,High,6/6 features present; buyer-openness deferred (no procurement source in MVP),1059,2.67,0.0,3,86.9,,0.896,2.0,Good,Good,No,0.0,No,No,Yes,Yes,908060.0,2.02,85016,27
RP4,Great Ormond Street Hospital for Children NHS Foundation Trust,London,Acute - Specialist,68.4,40.5,67.2,,56.6,56.6,C,False,,Improving,RTT 52-week,Elective recovery / RTT,RTT 52-week under pressure,Monitor,Medium,5/6 features present; missing: pain (>=6/7); buyer-openness deferred (no procurement source in MVP),225,2.16,0.0,3,90.6,,,,Good,Good,No,-1.0,No,No,No,No,775847.0,0.95,112446,28
RH5,Somerset NHS Foundation Trust,South West,Acute - Multi-Service,61.1,54.8,49.4,,55.8,55.8,C,False,,Improving,RTT 52-week,Elective recovery / RTT,RTT 52-week under pressure,Monitor,High,6/6 features present; buyer-openness deferred (no procurement source in MVP),1315,2.7,0.0,2,75.0,,1.012,2.0,Good,Good,No,0.0,No,No,Yes,Yes,1163546.0,-1.5,142395,29
RWH,East and North Hertfordshire Teaching NHS Trust,East,Acute - Large,54.4,47.8,67.7,,54.8,54.8,C,False,,Volatile,Diagnostics 6-wk,Cancer / diagnostics pathway,Diagnostics 6-wk under pressure,Monitor,Medium,5/6 features present; missing: DMA; buyer-openness deferred (no procurement source in MVP),0,,0.0,2,93.3,,0.912,2.0,Requires improvement,Requires improvement,Yes,0.0,No,No,No,No,717280.0,-0.28,91732,30
RA7,University Hospitals Bristol and Weston NHS Foundation Trust,South West,Acute - Teaching,54.0,37.6,79.1,,53.1,53.1,C,False,,Improving,Cancer 62-day,Cancer / diagnostics pathway,Cancer 62-day under pressure,Monitor,High,6/6 features present; buyer-openness deferred (no procurement source in MVP),1094,1.91,0.0,1,92.2,,0.88,2.0,Good,Good,No,,No,No,Yes,No,1346789.0,-2.9,145653,31
RTR,South Tees Hospitals NHS Foundation Trust,North East and Yorkshire,Acute - Teaching,67.1,48.3,39.6,,52.9,52.9,C,False,,Improving,Cancer 62-day,Cancer / diagnostics pathway,Cancer 62-day under pressure,Monitor,High,6/6 features present; buyer-openness deferred (no procurement source in MVP),997,2.67,-2.04,3,91.9,,1.007,2.0,Good,Good,No,0.0,No,Yes,Yes,Yes,1041856.0,-0.03,65129,32
RK5,Sherwood Forest Hospitals NHS Foundation Trust,Midlands,Acute - Medium,69.8,53.4,23.3,,52.1,52.1,C,False,,Improving,A&E 4-hour,UEC / A&E flow,A&E 4-hour under pressure,Monitor,High,6/6 features present; buyer-openness deferred (no procurement source in MVP),768,2.59,-1.82,3,86.9,,1.069,2.0,Good,Good,No,-2.6,No,Yes,Yes,Yes,582073.0,3.97,44047,33
RQM,Chelsea and Westminster Hospital NHS Foundation Trust,London,Acute - Teaching,74.3,46.6,27.8,,52.0,52.0,C,False,,Improving,Cancer FDS,Cancer / diagnostics pathway,Cancer FDS under pressure,Monitor,High,6/6 features present; buyer-openness deferred (no procurement source in MVP),877,3.1,0.0,1,94.1,,0.746,3.0,Good,Good,No,0.0,No,No,Yes,Yes,1036319.0,0.65,108210,34
RA2,Royal Surrey NHS Foundation Trust,South East,Acute - Medium,52.5,43.6,64.6,,51.7,51.7,D,False,,Improving,A&E 4-hour,UEC / A&E flow,A&E 4-hour under pressure,No action,Medium,5/6 features present; missing: DMA; buyer-openness deferred (no procurement source in MVP),539,,-0.92,3,87.5,,0.81,3.0,Good,Good,No,0.0,No,Yes,Yes,Yes,624612.0,-0.16,72289,35
RDU,Frimley Health NHS Foundation Trust,South East,Acute - Large,59.2,40.7,59.4,,51.6,51.6,D,False,,Improving,RTT 18-week,Elective recovery / RTT,RTT 18-week under pressure,No action,High,6/6 features present; buyer-openness deferred (no procurement source in MVP),1520,2.76,-1.85,3,89.6,,1.067,2.0,Good,Good,No,0.0,No,Yes,No,No,1121322.0,-1.68,142987,36
RTX,University Hospitals of Morecambe Bay NHS Foundation Trust,North West,Acute - Teaching,26.2,60.9,71.6,,51.2,51.2,D,False,,Worsening,A&E 4-hour,UEC / A&E flow,A&E 4-hour worsening,No action,High,6/6 features present; buyer-openness deferred (no procurement source in MVP),0,2.17,0.0,3,90.7,,1.041,2.0,Good,Good,No,-1.8,No,No,Yes,Yes,602518.0,-5.19,84102,37
RBN,Mersey and West Lancashire Teaching Hospitals NHS Trust,North West,Acute - Teaching,58.7,51.2,38.3,,50.8,50.8,D,False,,Flat,A&E 12-hour,UEC / A&E flow,A&E 12-hour under pressure,No action,High,6/6 features present; buyer-openness deferred (no procurement source in MVP),1265,2.9,-4.38,3,93.6,,0.997,2.0,Good,Good,No,,,No,Yes,Yes,1000155.0,-1.19,88077,38
RN7,Dartford and Gravesham NHS Trust,South East,Acute - Small,60.3,45.3,45.6,,50.7,50.7,D,False,,Improving,RTT 18-week,Elective recovery / RTT,RTT 18-week under pressure,No action,High,6/6 features present; buyer-openness deferred (no procurement source in MVP),592,2.01,-4.94,3,88.3,,1.082,2.0,Good,Good,No,-2.6,No,Yes,Yes,Yes,488537.0,2.08,44332,39
REF,Royal Cornwall Hospitals NHS Trust,South West,Acute - Large,53.9,46.4,49.8,,49.9,49.9,D,False,,Worsening,A&E 12-hour,UEC / A&E flow,A&E 12-hour worsening,No action,High,6/6 features present; buyer-openness deferred (no procurement source in MVP),746,2.67,0.0,1,95.7,,1.048,2.0,Good,Good,No,,No,No,No,No,733541.0,-0.73,87753,40
R0D,University Hospitals Dorset NHS Foundation Trust,South West,Acute - Teaching,37.4,56.0,56.6,,49.6,49.6,D,False,,Worsening,A&E 4-hour,UEC / A&E flow,A&E 4-hour worsening,No action,High,6/6 features present; buyer-openness deferred (no procurement source in MVP),1123,2.36,0.0,3,92.1,,0.879,2.0,Good,Good,No,,No,No,Yes,Yes,912218.0,-8.11,125896,41
RXK,Sandwell and West Birmingham Hospitals NHS Trust,Midlands,Acute - Large,31.4,59.2,60.3,,49.6,49.6,D,False,,Improving,Cancer FDS,Cancer / diagnostics pathway,Cancer FDS under pressure,No action,High,6/6 features present; buyer-openness deferred (no procurement source in MVP),639,2.24,-1.83,3,89.7,,1.031,2.0,Requires improvement,Good,Yes,-1.9,No,Yes,Yes,Yes,817800.0,-17.21,103670,42
RWF,Maidstone and Tunbridge Wells NHS Trust,South East,Acute - Large,76.4,22.8,53.1,,48.8,48.8,D,False,,Flat,Cancer FDS,Cancer / diagnostics pathway,Cancer FDS under pressure,No action,High,6/6 features present; buyer-openness deferred (no procurement source in MVP),737,2.61,0.0,3,91.5,,0.882,2.0,Requires improvement,Good,Yes,-1.7,No,No,Yes,No,831035.0,2.04,86596,43
R1K,London North West University Healthcare NHS Trust,London,Acute - Teaching,56.3,49.0,34.2,,48.1,48.1,D,False,,Volatile,Diagnostics 6-wk,Cancer / diagnostics pathway,Diagnostics 6-wk under pressure,No action,High,6/6 features present; buyer-openness deferred (no procurement source in MVP),1103,3.1,0.0,1,94.2,,0.854,3.0,Good,Good,No,0.0,No,No,Yes,Yes,1114373.0,-2.16,159100,44
RPC,Queen Victoria Hospital NHS Foundation Trust,South East,Acute - Specialist,44.6,44.6,58.2,,47.8,47.8,D,False,,Improving,RTT 18-week,Elective recovery / RTT,RTT 18-week under pressure,No action,Medium,5/6 features present; missing: pain (>=6/7); buyer-openness deferred (no procurement source in MVP),51,1.63,-1.27,3,97.2,,,,Good,Good,No,0.1,No,Yes,No,No,117533.0,1.71,18297,45
RQW,The Princess Alexandra Hospital NHS Trust,East,Acute - Small,36.7,59.7,43.0,,47.7,47.7,D,False,,Volatile,Cancer 62-day,Cancer / diagnostics pathway,Cancer 62-day under pressure,No action,High,6/6 features present; buyer-openness deferred (no procurement source in MVP),498,1.97,-1.24,3,91.8,,1.095,2.0,Good,Good,No,0.0,No,Yes,Yes,No,429988.0,-0.78,64497,46
RVR,Epsom and St Helier University Hospitals NHS Trust,London,Acute - Teaching,31.8,44.6,76.0,,47.5,47.5,D,False,,Volatile,A&E 12-hour,UEC / A&E flow,A&E 12-hour under pressure,No action,High,6/6 features present; buyer-openness deferred (no procurement source in MVP),802,2.21,-6.89,3,39.7,APC;CSDS;ECDS;MHSDS;MSDS;OP,1.132,2.0,Good,Good,No,0.0,No,Yes,No,No,761369.0,-7.29,109982,47
RTP,Surrey and Sussex Healthcare NHS Trust,South East,Acute - Medium,41.9,52.8,44.3,,47.0,47.0,D,False,,Improving,Diagnostics 6-wk,Cancer / diagnostics pathway,Diagnostics 6-wk under pressure,No action,High,6/6 features present; buyer-openness deferred (no procurement source in MVP),695,2.76,-4.5,3,94.0,,0.921,2.0,Good,Good,No,-2.6,No,Yes,Yes,Yes,521994.0,-0.99,78397,48
RR7,Gateshead Health NHS Foundation Trust,North East and Yorkshire,Acute - Medium,47.4,41.6,55.5,,46.9,46.9,D,False,,Volatile,Cancer FDS,Cancer / diagnostics pathway,Cancer FDS under pressure,No action,High,6/6 features present; buyer-openness deferred (no procurement source in MVP),492,2.06,-2.79,3,90.9,,1.09,2.0,Good,Good,No,0.0,No,Yes,Yes,Yes,443787.0,0.55,47817,49
RXW,The Shrewsbury and Telford Hospital NHS Trust,Midlands,Acute - Medium,41.4,45.7,54.2,,46.2,46.2,D,False,,Worsening,A&E 4-hour,UEC / A&E flow,A&E 4-hour worsening,No action,High,6/6 features present; buyer-openness deferred (no procurement source in MVP),879,1.99,-6.83,3,93.2,,0.947,2.0,Requires improvement,Requires improvement,Yes,-1.1,No,Yes,Yes,Yes,724065.0,-2.45,102292,50
RAX,Kingston and Richmond NHS Foundation Trust,London,Acute - Medium,49.2,42.3,48.1,,46.1,46.1,D,False,,Improving,A&E 12-hour,UEC / A&E flow,A&E 12-hour under pressure,No action,High,6/6 features present; buyer-openness deferred (no procurement source in MVP),461,2.1,-2.16,3,92.5,,0.728,3.0,Good,Good,No,,,No,Yes,Yes,506533.0,0.25,76527,51
RXR,East Lancashire Hospitals NHS Trust,North West,Acute - Large,37.8,46.8,56.4,,45.9,45.9,D,False,,Improving,A&E 12-hour,UEC / A&E flow,A&E 12-hour under pressure,No action,High,6/6 features present; buyer-openness deferred (no procurement source in MVP),967,2.33,-5.66,3,88.2,,1.199,1.0,Good,Good,No,-3.4,No,Yes,Yes,No,829438.0,-4.11,54106,52
RLQ,Wye Valley NHS Trust,Midlands,Acute - Multi-Service,47.1,41.8,49.9,,45.6,45.6,D,False,,Worsening,A&E 4-hour,UEC / A&E flow,A&E 4-hour worsening,No action,High,6/6 features present; buyer-openness deferred (no procurement source in MVP),315,2.17,-6.96,3,90.7,,1.101,2.0,Requires improvement,Good,Yes,0.6,No,Yes,Yes,No,393523.0,0.67,39850,53
RYJ,Imperial College Healthcare NHS Trust,London,Acute - Teaching,69.9,24.2,46.7,,45.6,45.6,D,False,,Improving,Cancer 62-day,Cancer / diagnostics pathway,Cancer 62-day under pressure,No action,High,6/6 features present; buyer-openness deferred (no procurement source in MVP),1095,3.13,0.0,1,94.5,,0.712,3.0,Good,Good,No,0.0,No,No,Yes,Yes,1875535.0,-1.04,267433,54
RAS,The Hillingdon Hospitals NHS Foundation Trust,London,Acute - Small,54.3,39.8,41.2,,45.2,45.2,D,False,,Improving,Diagnostics 6-wk,Cancer / diagnostics pathway,Diagnostics 6-wk under pressure,No action,High,6/6 features present; buyer-openness deferred (no procurement source in MVP),460,3.06,0.0,2,93.3,,0.953,2.0,Requires improvement,Requires improvement,Yes,-0.0,No,No,Yes,Yes,432379.0,1.45,90054,55
RNZ,Salisbury NHS Foundation Trust,South West,Acute - Small,32.6,52.9,50.6,,45.2,45.2,D,False,,Flat,Cancer 62-day,Cancer / diagnostics pathway,Cancer 62-day under pressure,No action,High,6/6 features present; buyer-openness deferred (no procurement source in MVP),472,2.07,-3.47,3,92.5,,0.914,2.0,Good,Good,No,-1.9,No,Yes,Yes,Yes,416877.0,-1.38,52270,56
RWJ,Stockport NHS Foundation Trust,North West,Acute - Medium,29.4,57.1,48.3,,45.2,45.2,D,False,,Worsening,A&E 12-hour,UEC / A&E flow,A&E 12-hour worsening,No action,High,6/6 features present; buyer-openness deferred (no procurement source in MVP),670,2.23,-9.38,3,95.3,,0.905,2.0,Good,Good,No,0.0,No,Yes,Yes,No,515040.0,-2.75,75445,57
RBQ,Liverpool Heart and Chest Hospital NHS Foundation Trust,North West,Acute - Specialist,53.3,41.8,38.3,,45.0,45.0,D,False,,Volatile,Cancer FDS,Cancer / diagnostics pathway,Cancer FDS under pressure,No action,Medium,5/6 features present; missing: pain (>=6/7); buyer-openness deferred (no procurement source in MVP),173,2.89,3.69,1,98.5,,,,Outstanding,Outstanding,No,0.0,No,No,Yes,Yes,268978.0,4.24,26058,58
RAE,Bradford Teaching Hospitals NHS Foundation Trust,North East and Yorkshire,Acute - Teaching,44.5,34.3,63.6,,44.8,44.8,D,False,,Improving,Diagnostics 6-wk,Cancer / diagnostics pathway,Diagnostics 6-wk under pressure,No action,High,6/6 features present; buyer-openness deferred (no procurement source in MVP),702,2.47,-0.41,3,90.1,,1.135,2.0,Good,Good,No,-3.3,No,No,Yes,No,656858.0,-1.53,80608,59
RTE,Gloucestershire Hospitals NHS Foundation Trust,South West,Acute - Large,47.3,44.6,40.0,,44.5,44.5,D,False,,Improving,Cancer FDS,Cancer / diagnostics pathway,Cancer FDS under pressure,No action,High,6/6 features present; buyer-openness deferred (no procurement source in MVP),853,2.61,0.0,3,91.5,,1.038,2.0,Good,Good,No,,No,No,Yes,Yes,867900.0,-2.39,131179,60
RNA,The Dudley Group NHS Foundation Trust,Midlands,Acute - Medium,70.1,30.0,30.5,,44.2,44.2,D,False,,Improving,RTT 18-week,Elective recovery / RTT,RTT 18-week under pressure,No action,High,6/6 features present; buyer-openness deferred (no procurement source in MVP),0,3.11,-3.59,3,94.1,,0.97,2.0,Good,Good,No,-0.8,No,Yes,No,No,622472.0,2.64,29842,61
RMC,Bolton NHS Foundation Trust,North West,Acute - Medium,42.3,50.4,32.2,,43.3,43.3,D,False,,Flat,A&E 4-hour,UEC / A&E flow,A&E 4-hour under pressure,No action,High,6/6 features present; buyer-openness deferred (no procurement source in MVP),651,2.39,-1.27,3,87.6,,1.139,2.0,Good,Good,No,-2.6,No,Yes,Yes,Yes,530705.0,-0.99,40462,62
RXC,East Sussex Healthcare NHS Trust,South East,Acute - Large,35.6,44.2,50.6,,42.7,42.7,D,False,,Improving,Diagnostics 6-wk,Cancer / diagnostics pathway,Diagnostics 6-wk under pressure,No action,High,6/6 features present; buyer-openness deferred (no procurement source in MVP),727,2.1,-1.48,3,91.6,,1.045,2.0,Good,Good,No,0.0,No,Yes,Yes,Yes,720872.0,-3.42,106301,63
RP5,Doncaster and Bassetlaw Teaching Hospitals NHS Foundation Trust,North East and Yorkshire,Acute - Teaching,29.6,57.7,35.1,,42.5,42.5,D,False,,Improving,RTT 52-week,Elective recovery / RTT,RTT 52-week under pressure,No action,High,6/6 features present; buyer-openness deferred (no procurement source in MVP),832,2.59,-2.81,3,89.8,,1.137,2.0,Good,Good,No,0.0,No,Yes,Yes,No,632126.0,-4.22,105092,64
RRJ,The Royal Orthopaedic Hospital NHS Foundation Trust,Midlands,Acute - Specialist,28.2,50.6,49.7,,42.5,42.5,D,False,,Worsening,Cancer FDS,Cancer / diagnostics pathway,Cancer FDS worsening,No action,Medium,5/6 features present; missing: pain (>=6/7); buyer-openness deferred (no procurement source in MVP),108,1.69,0.02,1,99.7,,,,Good,Good,No,0.0,No,No,Yes,No,150388.0,-0.63,18669,65
RL1,The Robert Jones and Agnes Hunt Orthopaedic Hospital NHS Foundation Trust,Midlands,Acute - Specialist,29.0,44.6,57.1,,42.0,42.0,D,False,,Volatile,RTT 52-week,Elective recovery / RTT,RTT 52-week under pressure,No action,Medium,5/6 features present; missing: pain (>=6/7); buyer-openness deferred (no procurement source in MVP),132,2.2,0.0,2,99.2,,,,Good,Good,No,0.0,No,No,Yes,No,167301.0,-0.55,20654,66
RGM,Royal Papworth Hospital NHS Foundation Trust,East,Acute - Specialist,41.6,37.5,46.4,,41.1,41.1,D,False,,Volatile,Cancer FDS,Cancer / diagnostics pathway,Cancer FDS under pressure,No action,Medium,5/6 features present; missing: pain (>=6/7); buyer-openness deferred (no procurement source in MVP),245,2.14,0.0,1,98.0,,,,Outstanding,Outstanding,No,0.0,No,No,No,No,335842.0,0.57,22748,67
RVW,North Tees and Hartlepool NHS Foundation Trust,North East and Yorkshire,Acute - Medium,55.8,37.3,25.8,,41.1,41.1,D,False,,Volatile,Cancer FDS,Cancer / diagnostics pathway,Cancer FDS under pressure,No action,High,6/6 features present; buyer-openness deferred (no procurement source in MVP),577,3.0,0.0,1,95.1,,0.954,2.0,Good,Good,No,0.0,No,No,Yes,Yes,486695.0,1.13,78122,68
RFF,Barnsley Hospital NHS Foundation Trust,North East and Yorkshire,Acute - Small,44.5,35.8,44.7,,40.9,40.9,D,False,,Volatile,Cancer 62-day,Cancer / diagnostics pathway,Cancer 62-day under pressure,No action,High,6/6 features present; buyer-openness deferred (no procurement source in MVP),509,2.59,-1.03,3,95.8,,0.936,2.0,Good,Good,No,0.0,No,Yes,Yes,Yes,359643.0,0.61,33203,69
R0B,South Tyneside and Sunderland NHS Foundation Trust,North East and Yorkshire,Acute - Large,52.3,29.0,37.4,,39.2,39.2,D,False,,Improving,Diagnostics 6-wk,Cancer / diagnostics pathway,Diagnostics 6-wk under pressure,No action,High,6/6 features present; buyer-openness deferred (no procurement source in MVP),1121,3.44,0.0,1,94.3,,1.18,1.0,,,No,0.1,No,No,Yes,Yes,818863.0,-1.44,74819,70
RCD,Harrogate and District NHS Foundation Trust,North East and Yorkshire,Acute - Small,43.5,28.8,50.6,,39.1,39.1,D,False,,Volatile,Diagnostics 6-wk,Cancer / diagnostics pathway,Diagnostics 6-wk under pressure,No action,High,6/6 features present; buyer-openness deferred (no procurement source in MVP),312,2.41,-1.39,3,91.9,,1.018,2.0,Good,Good,No,-5.1,No,Yes,Yes,Yes,401873.0,0.51,35842,71
R1F,Isle of Wight NHS Trust,South East,Acute - Multi-Service,22.6,59.4,27.9,,39.0,39.0,D,False,,Improving,A&E 12-hour,UEC / A&E flow,A&E 12-hour under pressure,No action,High,6/6 features present; buyer-openness deferred (no procurement source in MVP),300,2.36,-2.28,3,96.2,,0.986,2.0,Good,Good,No,-0.6,No,Yes,Yes,Yes,282708.0,-1.98,50728,72
RJ6,Croydon Health Services NHS Trust,London,Acute - Medium,1.5,44.6,80.8,,37.9,37.9,D,False,,Improving,A&E 12-hour,UEC / A&E flow,A&E 12-hour under pressure,No action,Medium,"4/6 features present; missing: TAC income, TAC margin; buyer-openness deferred (no procurement source in MVP)",492,2.0,-2.22,3,89.9,,1.079,2.0,Requires improvement,Good,Yes,0.0,No,Yes,Yes,Yes,,,84335,73
RJC,South Warwickshire University NHS Foundation Trust,Midlands,Acute - Teaching,33.0,36.3,45.4,,37.3,37.3,D,False,,Improving,Cancer 62-day,Cancer / diagnostics pathway,Cancer 62-day under pressure,No action,High,6/6 features present; buyer-openness deferred (no procurement source in MVP),484,2.6,0.47,3,95.2,,1.014,2.0,Good,Good,No,-0.6,No,No,Yes,No,513236.0,-2.18,42922,74
RRK,University Hospitals Birmingham NHS Foundation Trust,Midlands,Acute - Teaching,2.2,54.4,59.2,,37.1,37.1,D,False,,Improving,Diagnostics 6-wk,Cancer / diagnostics pathway,Diagnostics 6-wk under pressure,No action,Medium,"4/6 features present; missing: TAC income, TAC margin; buyer-openness deferred (no procurement source in MVP)",2886,2.33,-0.16,3,93.7,,0.933,2.0,Requires improvement,Good,Yes,-1.1,No,No,No,No,,,196820,75
RET,The Walton Centre NHS Foundation Trust,North West,Acute - Specialist,51.1,14.6,54.2,,36.8,36.8,D,False,,Flat,RTT 18-week,Elective recovery / RTT,RTT 18-week under pressure,No action,Medium,5/6 features present; missing: pain (>=6/7); buyer-openness deferred (no procurement source in MVP),158,2.27,3.43,1,99.0,,,,Outstanding,Good,No,0.1,No,No,Yes,Yes,213267.0,3.02,31837,76
RTK,Ashford and St Peter's Hospitals NHS Foundation Trust,South East,Acute - Medium,27.9,52.6,22.7,,36.8,36.8,D,False,,Flat,A&E 12-hour,UEC / A&E flow,A&E 12-hour under pressure,No action,High,6/6 features present; buyer-openness deferred (no procurement source in MVP),527,2.96,-1.37,3,88.1,,0.92,2.0,Good,Good,No,0.0,No,Yes,Yes,Yes,492912.0,-2.71,64514,77
REP,Liverpool Women's NHS Foundation Trust,North West,Acute - Specialist,3.8,65.4,31.3,,35.6,35.6,D,False,,Improving,RTT 52-week,Elective recovery / RTT,RTT 52-week under pressure,No action,High,6/6 features present; buyer-openness deferred (no procurement source in MVP),111,2.5,-19.58,3,93.4,,,,Good,Good,No,-5.8,No,Yes,Yes,Yes,178659.0,-13.52,26110,78
RMP,Tameside and Glossop Integrated Care NHS Foundation Trust,North West,Acute - Small,30.7,35.2,42.6,,35.4,35.4,D,False,,Volatile,A&E 4-hour,UEC / A&E flow,A&E 4-hour under pressure,No action,High,6/6 features present; buyer-openness deferred (no procurement source in MVP),476,2.14,-9.33,3,91.7,,1.101,2.0,Good,Good,No,0.0,No,Yes,Yes,No,377507.0,-1.22,49668,79
RHW,Royal Berkshire NHS Foundation Trust,South East,Acute - Large,35.3,22.0,55.1,,34.5,34.5,D,False,,Improving,Diagnostics 6-wk,Cancer / diagnostics pathway,Diagnostics 6-wk under pressure,No action,High,6/6 features present; buyer-openness deferred (no procurement source in MVP),666,2.24,-3.24,3,95.1,,1.104,2.0,Good,Good,No,0.0,No,Yes,Yes,No,673899.0,-3.1,148346,80
RP6,Moorfields Eye Hospital NHS Foundation Trust,London,Acute - Specialist,58.2,3.4,53.1,,34.4,34.4,D,False,,Volatile,Diagnostics 6-wk,Cancer / diagnostics pathway,Diagnostics 6-wk under pressure,No action,High,6/6 features present; buyer-openness deferred (no procurement source in MVP),10,2.4,0.0,1,93.7,,,,Good,Good,No,2.1,No,No,Yes,Yes,365651.0,5.4,55593,81
RPY,The Royal Marsden NHS Foundation Trust,London,Acute - Specialist,57.4,13.1,35.7,,34.1,34.1,D,False,,Improving,Cancer 62-day,Cancer / diagnostics pathway,Cancer 62-day under pressure,No action,Medium,5/6 features present; missing: pain (>=6/7); buyer-openness deferred (no procurement source in MVP),214,2.51,0.78,1,94.1,,,,Outstanding,Outstanding,No,0.3,No,No,No,No,694328.0,0.22,97886,82
RKE,Whittington Health NHS Trust,London,Acute - Multi-Service,29.8,27.1,52.2,,34.0,34.0,D,False,,Improving,Diagnostics 6-wk,Cancer / diagnostics pathway,Diagnostics 6-wk under pressure,No action,High,6/6 features present; buyer-openness deferred (no procurement source in MVP),300,2.0,-0.3,3,93.5,,0.927,2.0,Requires improvement,Good,Yes,-1.5,No,No,No,No,500384.0,-2.47,92504,83
RBK,Walsall Healthcare NHS Trust,Midlands,Acute - Small,54.6,22.7,20.2,,33.4,33.4,D,False,,Volatile,Diagnostics 6-wk,Cancer / diagnostics pathway,Diagnostics 6-wk under pressure,No action,High,6/6 features present; buyer-openness deferred (no procurement source in MVP),504,2.56,-6.31,3,93.9,,0.938,2.0,Requires improvement,Requires improvement,Yes,1.1,No,Yes,No,No,482243.0,1.06,40181,84
RFR,The Rotherham NHS Foundation Trust,North East and Yorkshire,Acute - Small,48.6,30.0,16.5,,33.4,33.4,D,False,,Improving,A&E 4-hour,UEC / A&E flow,A&E 4-hour under pressure,No action,High,6/6 features present; buyer-openness deferred (no procurement source in MVP),499,2.87,-1.07,3,92.5,,1.085,2.0,Good,Good,No,-1.2,No,Yes,Yes,Yes,408001.0,0.86,43532,85
RGR,West Suffolk NHS Foundation Trust,East,Acute - Small,14.6,44.4,41.3,,33.2,33.2,D,False,,Improving,RTT 52-week,Elective recovery / RTT,RTT 52-week under pressure,No action,High,6/6 features present; buyer-openness deferred (no procurement source in MVP),527,2.74,-4.91,3,88.9,,0.949,2.0,Good,Good,No,0.9,No,No,No,No,427951.0,-6.58,60270,86
RWG,West Hertfordshire Teaching Hospitals NHS Trust,East,Acute - Teaching,23.9,36.6,29.7,,30.5,30.5,D,False,,Volatile,Diagnostics 6-wk,Cancer / diagnostics pathway,Diagnostics 6-wk under pressure,No action,High,6/6 features present; buyer-openness deferred (no procurement source in MVP),733,3.04,-0.56,3,89.6,,0.96,2.0,Good,Good,No,-0.0,No,Yes,Yes,Yes,598085.0,-7.3,90385,87
RTF,Northumbria Healthcare NHS Foundation Trust,North East and Yorkshire,Acute - Large,44.3,8.6,45.2,,29.8,29.8,D,False,,Improving,Cancer FDS,Cancer / diagnostics pathway,Cancer FDS under pressure,No action,High,6/6 features present; buyer-openness deferred (no procurement source in MVP),940,2.74,1.43,1,93.5,,0.992,2.0,Outstanding,Outstanding,No,0.0,No,No,Yes,Yes,882033.0,-3.03,97041,88
RCF,Airedale NHS Foundation Trust,North East and Yorkshire,Acute - Small,7.1,37.6,47.6,,29.2,29.2,D,False,,Volatile,A&E 4-hour,UEC / A&E flow,A&E 4-hour under pressure,No action,High,6/6 features present; buyer-openness deferred (no procurement source in MVP),409,2.09,-5.53,3,91.5,,0.951,2.0,Good,Good,No,-3.3,No,Yes,Yes,Yes,310787.0,-10.95,49095,89
RAN,Royal National Orthopaedic Hospital NHS Trust,London,Acute - Specialist,19.2,23.6,52.7,,28.9,28.9,D,False,,Flat,Cancer FDS,Cancer / diagnostics pathway,Cancer FDS under pressure,No action,Medium,5/6 features present; missing: pain (>=6/7); buyer-openness deferred (no procurement source in MVP),175,1.74,0.0,1,90.3,,,,Good,Good,No,0.0,No,No,No,No,225142.0,-2.18,42609,90
RBV,The Christie NHS Foundation Trust,North West,Acute - Specialist,46.5,6.7,39.8,,28.5,28.5,D,False,,Worsening,Cancer 62-day,Cancer / diagnostics pathway,Cancer 62-day worsening,No action,Medium,5/6 features present; missing: pain (>=6/7); buyer-openness deferred (no procurement source in MVP),187,2.29,1.39,1,95.2,,,,Good,Good,No,0.0,No,No,Yes,No,543178.0,-0.53,79000,91
RQ3,Birmingham Women's and Children's NHS Foundation Trust,Midlands,Acute - Specialist,0.7,37.3,51.3,,27.7,27.7,D,False,,Volatile,RTT 18-week,Elective recovery / RTT,RTT 18-week under pressure,No action,Medium,"4/6 features present; missing: TAC income, TAC margin; buyer-openness deferred (no procurement source in MVP)",0,1.99,0.0,3,86.4,,,,Good,Good,No,-1.3,No,No,No,No,,,55474,92
REN,The Clatterbridge Cancer Centre NHS Foundation Trust,North West,Acute - Specialist,47.0,11.9,26.2,,27.7,27.7,D,False,,Flat,Cancer FDS,Cancer / diagnostics pathway,Cancer FDS under pressure,No action,Medium,5/6 features present; missing: pain (>=6/7); buyer-openness deferred (no procurement source in MVP),95,3.59,0.29,1,99.8,,,,Good,Good,No,0.0,No,No,Yes,Yes,321321.0,1.14,47988,93
RWY,Calderdale and Huddersfield NHS Foundation Trust,North East and Yorkshire,Acute - Large,40.7,15.6,26.6,,27.1,27.1,D,False,,Improving,Cancer FDS,Cancer / diagnostics pathway,Cancer FDS under pressure,No action,High,6/6 features present; buyer-openness deferred (no procurement source in MVP),817,2.76,-6.65,3,92.0,,1.152,2.0,Good,Good,No,0.1,No,Yes,Yes,Yes,635532.0,-2.17,76786,94
RBS,Alder Hey Children's NHS Foundation Trust,North West,Acute - Specialist,45.5,17.8,14.3,,26.8,26.8,D,False,,Flat,RTT 52-week,Elective recovery / RTT,RTT 52-week under pressure,No action,High,6/6 features present; buyer-openness deferred (no procurement source in MVP),213,3.47,1.63,1,90.1,,,,Good,Good,No,0.1,No,No,Yes,Yes,454513.0,0.2,45048,95
RCU,Sheffield Children's NHS Foundation Trust,North East and Yorkshire,Acute - Specialist,30.4,21.4,29.1,,26.4,26.4,D,False,,Improving,RTT 52-week,Elective recovery / RTT,RTT 52-week under pressure,No action,High,6/6 features present; buyer-openness deferred (no procurement source in MVP),166,2.63,-1.08,3,96.4,,,,Good,Good,No,0.0,No,Yes,No,No,344403.0,-0.99,30659,96
RQX,Homerton Healthcare NHS Foundation Trust,London,Acute - Teaching,29.4,19.7,32.5,,26.1,26.1,D,False,,Improving,Cancer FDS,Cancer / diagnostics pathway,Cancer FDS under pressure,No action,High,6/6 features present; buyer-openness deferred (no procurement source in MVP),321,2.89,-4.56,3,88.9,,0.779,3.0,Good,Good,No,-2.6,No,Yes,Yes,No,506492.0,-2.57,87703,97
RLT,George Eliot Hospital NHS Trust,Midlands,Acute - Small,12.9,28.8,25.3,,22.4,22.4,D,False,,Volatile,Diagnostics 6-wk,Cancer / diagnostics pathway,Diagnostics 6-wk under pressure,No action,High,6/6 features present; buyer-openness deferred (no procurement source in MVP),427,2.54,-4.14,3,90.4,,1.071,2.0,Good,Good,No,-0.0,No,Yes,Yes,No,280753.0,-3.59,25756,98
RX1,Nottingham University Hospitals NHS Trust,Midlands,Acute - Teaching,89.2,84.7,70.2,,82.9,74.9,C,True,NOF segment 4,Improving,Cancer FDS,Cancer / diagnostics pathway,Segment 4 (intensive support) — qualify funding route,Qualify funding,High,6/6 features present; buyer-openness deferred (no procurement source in MVP),1795,2.46,-2.03,4,90.3,,1.125,2.0,Good,Good,No,-2.9,No,Yes,No,No,1884679.0,1.14,204618,99
RWA,Hull University Teaching Hospitals NHS Trust,North East and Yorkshire,Acute - Teaching,71.1,78.8,69.7,,73.9,65.9,C,True,NOF segment 4,Volatile,Cancer 62-day,Cancer / diagnostics pathway,Segment 4 (intensive support) — qualify funding route,Qualify funding,High,6/6 features present; buyer-openness deferred (no procurement source in MVP),1200,2.4,-1.36,4,95.0,,1.074,2.0,Requires improvement,Requires improvement,Yes,-1.9,No,Yes,Yes,Yes,992561.0,0.57,103110,100
RAJ,Mid and South Essex NHS Foundation Trust,East,Acute - Large,73.4,86.1,50.3,,73.2,65.2,C,True,NOF segment 4,Volatile,RTT 52-week,Elective recovery / RTT,Segment 4 (intensive support) — qualify funding route,Qualify funding,High,6/6 features present; buyer-openness deferred (no procurement source in MVP),1834,2.44,-5.6,4,90.5,,1.107,2.0,Requires improvement,Requires improvement,Yes,-4.2,No,Yes,Yes,Yes,1702606.0,-0.18,181636,101
RYR,University Hospitals Sussex NHS Foundation Trust,South East,Acute - Teaching,69.6,67.3,75.0,,69.9,61.9,C,True,NOF segment 4,Improving,RTT 18-week,Elective recovery / RTT,Segment 4 (intensive support) — qualify funding route,Qualify funding,High,6/6 features present; buyer-openness deferred (no procurement source in MVP),1967,1.9,-1.62,4,94.5,,1.023,2.0,Good,Good,No,-0.1,No,Yes,Yes,Yes,1698373.0,-0.76,227321,102
RM3,Northern Care Alliance NHS Foundation Trust,North West,Acute - Teaching,61.1,66.3,84.7,,68.8,60.8,C,True,NOF segment 4,Improving,RTT 52-week,Elective recovery / RTT,Segment 4 (intensive support) — qualify funding route,Qualify funding,High,6/6 features present; buyer-openness deferred (no procurement source in MVP),1599,1.93,-3.09,4,90.2,,0.964,2.0,Requires improvement,Good,Yes,0.1,No,Yes,Yes,No,2013226.0,-2.7,211054,103
RWP,Worcestershire Acute Hospitals NHS Trust,Midlands,Acute - Large,76.0,77.9,36.5,,67.5,59.5,C,True,NOF segment 4,Improving,Cancer 62-day,Cancer / diagnostics pathway,Segment 4 (intensive support) — qualify funding route,Qualify funding,High,6/6 features present; buyer-openness deferred (no procurement source in MVP),943,2.64,-6.49,4,95.3,,1.107,2.0,Requires improvement,Good,Yes,-1.6,No,Yes,Yes,No,807328.0,2.22,70289,104
RVV,East Kent Hospitals University NHS Foundation Trust,South East,Acute - Teaching,63.6,76.8,46.9,,65.1,57.1,C,True,NOF segment 4,Volatile,RTT 18-week,Elective recovery / RTT,Segment 4 (intensive support) — qualify funding route,Qualify funding,High,6/6 features present; buyer-openness deferred (no procurement source in MVP),1128,2.43,-6.32,4,35.0,APC;ECDS;MHSDS;MSDS;OP,1.119,2.0,Good,Good,No,-2.6,No,Yes,Yes,No,1104303.0,-0.94,139856,105
RHU,Portsmouth Hospitals University NHS Trust,South East,Acute - Large,54.2,73.7,60.4,,63.7,55.7,C,True,NOF segment 4,Volatile,RTT 52-week,Elective recovery / RTT,Segment 4 (intensive support) — qualify funding route,Qualify funding,Medium,5/6 features present; missing: DMA; buyer-openness deferred (no procurement source in MVP),1178,,-2.84,4,69.7,,0.951,2.0,Good,Good,No,-2.1,No,Yes,Yes,No,959011.0,-1.81,63580,106
RF4,"Barking, Havering and Redbridge University Hospitals NHS Trust",London,Acute - Teaching,62.5,61.2,69.3,,63.6,55.6,C,True,NOF segment 4,Volatile,Cancer FDS,Cancer / diagnostics pathway,Segment 4 (intensive support) — qualify funding route,Qualify funding,High,6/6 features present; buyer-openness deferred (no procurement source in MVP),963,2.2,-2.31,4,89.4,,0.935,2.0,Good,Good,No,-4.9,No,Yes,No,No,1006856.0,-0.67,86809,107
RWE,University Hospitals of Leicester NHS Trust,Midlands,Acute - Teaching,57.3,68.7,54.5,,61.3,53.3,C,True,NOF segment 4,Volatile,RTT 18-week,Elective recovery / RTT,Segment 4 (intensive support) — qualify funding route,Qualify funding,High,6/6 features present; buyer-openness deferred (no procurement source in MVP),1901,2.41,-3.77,4,93.8,,0.987,2.0,Requires improvement,Requires improvement,Yes,-1.8,No,Yes,Yes,Yes,1785832.0,-3.09,219336,108
RL4,The Royal Wolverhampton NHS Trust,Midlands,Acute - Large,68.0,56.6,58.2,,61.0,53.0,C,True,NOF segment 4,Improving,RTT 52-week,Elective recovery / RTT,Segment 4 (intensive support) — qualify funding route,Qualify funding,High,6/6 features present; buyer-openness deferred (no procurement source in MVP),873,2.6,-3.26,4,88.4,,0.956,2.0,Good,Good,No,-0.6,No,Yes,No,No,1041391.0,0.15,112277,109
RWD,United Lincolnshire Teaching Hospitals NHS Trust,Midlands,Acute - Large,49.2,63.9,64.6,,58.9,50.9,D,True,NOF segment 4,Volatile,Diagnostics 6-wk,Cancer / diagnostics pathway,Segment 4 (intensive support) — qualify funding route,Qualify funding,High,6/6 features present; buyer-openness deferred (no procurement source in MVP),1155,2.03,0.0,4,88.0,,1.075,2.0,Good,Good,No,-0.2,No,No,Yes,Yes,899558.0,-2.28,129301,110
RJL,Northern Lincolnshire and Goole NHS Foundation Trust,North East and Yorkshire,Acute - Medium,42.4,79.9,46.1,,58.7,50.7,D,True,NOF segment 4,Volatile,Cancer FDS,Cancer / diagnostics pathway,Segment 4 (intensive support) — qualify funding route,Qualify funding,High,6/6 features present; buyer-openness deferred (no procurement source in MVP),676,2.29,-2.42,4,91.3,,1.012,2.0,Requires improvement,Requires improvement,Yes,-1.0,No,Yes,Yes,Yes,614607.0,-1.5,85408,111
RK9,University Hospitals Plymouth NHS Trust,South West,Acute - Teaching,46.4,62.0,70.5,,58.5,50.5,D,True,NOF segment 4,Flat,A&E 12-hour,UEC / A&E flow,Segment 4 (intensive support) — qualify funding route,Qualify funding,High,6/6 features present; buyer-openness deferred (no procurement source in MVP),1135,2.43,-2.21,4,92.2,,1.248,1.0,Requires improvement,Requires improvement,Yes,,No,Yes,No,No,1092213.0,-3.95,138593,112
RXF,Mid Yorkshire Teaching NHS Trust,North East and Yorkshire,Acute - Teaching,64.9,46.9,62.7,,57.0,49.0,D,True,NOF segment 4,Flat,A&E 4-hour,UEC / A&E flow,Segment 4 (intensive support) — qualify funding route,Qualify funding,High,6/6 features present; buyer-openness deferred (no procurement source in MVP),1153,2.31,-0.96,4,94.0,,1.153,2.0,Requires improvement,Good,Yes,-3.6,No,No,Yes,Yes,860031.0,0.3,78140,113
RD1,Royal United Hospitals Bath NHS Foundation Trust,South West,Acute - Medium,60.6,50.9,59.9,,56.4,48.4,D,True,NOF segment 4,Improving,A&E 4-hour,UEC / A&E flow,Segment 4 (intensive support) — qualify funding route,Qualify funding,High,6/6 features present; buyer-openness deferred (no procurement source in MVP),568,2.36,0.0,4,46.6,APC;ECDS;MSDS;OP,1.103,2.0,Good,Good,No,-3.7,No,No,Yes,Yes,618890.0,0.71,83793,114
RXP,County Durham and Darlington NHS Foundation Trust,North East and Yorkshire,Acute - Multi-Service,72.6,54.6,35.4,,56.4,48.4,D,True,NOF segment 4,Improving,Cancer FDS,Cancer / diagnostics pathway,Segment 4 (intensive support) — qualify funding route,Qualify funding,High,6/6 features present; buyer-openness deferred (no procurement source in MVP),1001,2.94,0.27,4,89.5,,1.276,1.0,Good,Good,No,-1.6,No,No,Yes,Yes,764894.0,1.84,57805,115
RCB,York and Scarborough Teaching Hospitals NHS Foundation Trust,North East and Yorkshire,Acute - Teaching,43.1,64.9,60.6,,56.2,48.2,D,True,NOF segment 4,Volatile,RTT 18-week,Elective recovery / RTT,Segment 4 (intensive support) — qualify funding route,Qualify funding,High,6/6 features present; buyer-openness deferred (no procurement source in MVP),907,2.41,-1.91,4,91.2,,0.927,2.0,Good,Good,No,-1.3,No,Yes,Yes,Yes,894576.0,-3.27,107357,116
RNN,North Cumbria Integrated Care NHS Foundation Trust,North East and Yorkshire,Acute - Medium,28.1,79.7,54.6,,55.6,47.6,D,True,NOF segment 4,Improving,A&E 4-hour,UEC / A&E flow,Segment 4 (intensive support) — qualify funding route,Qualify funding,High,6/6 features present; buyer-openness deferred (no procurement source in MVP),650,2.04,-5.26,4,91.6,,1.014,2.0,Good,Good,No,0.0,No,Yes,Yes,Yes,619783.0,-4.87,52350,117
RXL,Blackpool Teaching Hospitals NHS Foundation Trust,North West,Acute - Teaching,41.3,78.7,32.9,,54.7,46.7,D,True,NOF segment 4,Volatile,A&E 12-hour,UEC / A&E flow,Segment 4 (intensive support) — qualify funding route,Qualify funding,High,6/6 features present; buyer-openness deferred (no procurement source in MVP),776,2.36,-5.39,4,87.7,,1.136,2.0,Requires improvement,Requires improvement,Yes,-1.6,No,Yes,Yes,Yes,729820.0,-2.48,72336,118
RNS,Northampton General Hospital NHS Trust,Midlands,Acute - Medium,29.3,77.8,51.8,,54.6,46.6,D,True,NOF segment 4,Volatile,Diagnostics 6-wk,Cancer / diagnostics pathway,Segment 4 (intensive support) — qualify funding route,Qualify funding,High,6/6 features present; buyer-openness deferred (no procurement source in MVP),778,2.66,-6.83,4,92.1,,0.94,2.0,Good,Good,No,-3.1,No,Yes,Yes,Yes,574632.0,-3.3,65116,119
RCX,"The Queen Elizabeth Hospital, King's Lynn, NHS Foundation Trust",East,Acute - Small,6.4,84.8,71.1,,53.9,45.9,D,True,NOF segment 4,Volatile,Cancer 62-day,Cancer / diagnostics pathway,Segment 4 (intensive support) — qualify funding route,Qualify funding,High,6/6 features present; buyer-openness deferred (no procurement source in MVP),509,1.81,-7.26,4,94.4,,1.217,1.0,Requires improvement,Requires improvement,Yes,-0.2,No,Yes,Yes,Yes,325423.0,-24.52,46758,120
RDE,East Suffolk and North Essex NHS Foundation Trust,East,Acute - Large,59.2,57.5,39.6,,53.9,45.9,D,True,NOF segment 4,Improving,RTT 18-week,Elective recovery / RTT,Segment 4 (intensive support) — qualify funding route,Qualify funding,High,6/6 features present; buyer-openness deferred (no procurement source in MVP),1298,2.64,0.0,4,87.8,,1.081,2.0,Requires improvement,Requires improvement,Yes,-0.9,No,No,Yes,Yes,1219448.0,-1.98,114603,121
RXN,Lancashire Teaching Hospitals NHS Foundation Trust,North West,Acute - Teaching,36.7,67.7,52.4,,53.2,45.2,D,True,NOF segment 4,Improving,Diagnostics 6-wk,Cancer / diagnostics pathway,Segment 4 (intensive support) — qualify funding route,Qualify funding,High,6/6 features present; buyer-openness deferred (no procurement source in MVP),881,2.4,-3.68,4,91.4,,0.912,2.0,Good,Good,No,-3.7,No,Yes,Yes,Yes,866507.0,-5.72,120779,122
RN5,Hampshire Hospitals NHS Foundation Trust,South East,Acute - Large,35.7,66.4,55.2,,52.9,44.9,D,True,NOF segment 4,Improving,A&E 4-hour,UEC / A&E flow,Segment 4 (intensive support) — qualify funding route,Qualify funding,High,6/6 features present; buyer-openness deferred (no procurement source in MVP),954,2.1,-2.25,4,90.9,,0.867,2.0,Good,Good,No,-0.6,No,Yes,Yes,Yes,702748.0,-3.13,77952,123
RFS,Chesterfield Royal Hospital NHS Foundation Trust,Midlands,Acute - Small,41.3,58.7,56.1,,52.0,44.0,D,True,NOF segment 4,Volatile,RTT 52-week,Elective recovery / RTT,Segment 4 (intensive support) — qualify funding route,Qualify funding,High,6/6 features present; buyer-openness deferred (no procurement source in MVP),589,2.33,-3.55,4,92.6,,0.941,2.0,Good,Good,No,-3.1,No,Yes,Yes,Yes,428131.0,0.02,36439,124
RGP,James Paget University Hospitals NHS Foundation Trust,East,Acute - Teaching,14.7,75.6,61.5,,50.8,42.8,D,True,NOF segment 4,Volatile,RTT 52-week,Elective recovery / RTT,Segment 4 (intensive support) — qualify funding route,Qualify funding,High,6/6 features present; buyer-openness deferred (no procurement source in MVP),0,2.23,-5.57,4,36.8,APC;ECDS;MHSDS;MSDS;OP,1.133,2.0,Good,Good,No,0.2,No,Yes,Yes,Yes,363044.0,-4.01,46822,125
REM,Liverpool University Hospitals NHS Foundation Trust,North West,Acute - Teaching,44.8,60.6,40.3,,50.2,42.2,D,True,NOF segment 4,Improving,A&E 12-hour,UEC / A&E flow,Segment 4 (intensive support) — qualify funding route,Qualify funding,High,6/6 features present; buyer-openness deferred (no procurement source in MVP),1534,2.61,-4.5,4,90.1,,0.969,2.0,Good,Good,No,-2.2,No,Yes,Yes,Yes,1377067.0,-11.21,129688,126
RJN,East Cheshire NHS Trust,North West,Acute - Small,18.6,72.7,54.6,,49.3,41.3,D,True,NOF segment 4,Volatile,A&E 4-hour,UEC / A&E flow,Segment 4 (intensive support) — qualify funding route,Qualify funding,High,6/6 features present; buyer-openness deferred (no procurement source in MVP),332,1.67,-8.55,4,82.4,,1.217,1.0,Good,Good,No,-3.1,No,Yes,Yes,No,235945.0,-2.37,29382,127
RPA,Medway NHS Foundation Trust,South East,Acute - Medium,37.2,54.9,54.1,,48.5,40.5,D,True,NOF segment 4,Improving,RTT 18-week,Elective recovery / RTT,Segment 4 (intensive support) — qualify funding route,Qualify funding,High,6/6 features present; buyer-openness deferred (no procurement source in MVP),642,2.56,-9.07,4,28.6,APC;CSDS;ECDS;MHSDS;MSDS;OP,1.256,1.0,Requires improvement,Requires improvement,Yes,-8.8,No,Yes,Yes,Yes,519243.0,-1.68,81006,128
RRF,"Wrightington, Wigan and Leigh NHS Foundation Trust",North West,Acute - Medium,27.8,64.7,45.8,,47.2,39.2,D,True,NOF segment 4,Improving,A&E 12-hour,UEC / A&E flow,Segment 4 (intensive support) — qualify funding route,Qualify funding,High,6/6 features present; buyer-openness deferred (no procurement source in MVP),423,2.47,-1.59,4,67.1,,1.026,2.0,Good,Good,No,-0.5,No,Yes,Yes,No,581214.0,-3.97,58999,129
RNQ,Kettering General Hospital NHS Foundation Trust,Midlands,Acute - Small,22.2,59.7,52.8,,44.8,36.8,D,True,NOF segment 4,Volatile,Diagnostics 6-wk,Cancer / diagnostics pathway,Segment 4 (intensive support) — qualify funding route,Qualify funding,High,6/6 features present; buyer-openness deferred (no procurement source in MVP),576,2.34,-9.48,4,96.5,,0.963,2.0,Requires improvement,Requires improvement,Yes,-2.5,No,Yes,Yes,Yes,461484.0,-3.62,55736,130
RBT,Mid Cheshire Hospitals NHS Foundation Trust,North West,Acute - Small,19.5,63.0,48.1,,44.1,36.1,D,True,NOF segment 4,Improving,A&E 4-hour,UEC / A&E flow,Segment 4 (intensive support) — qualify funding route,Qualify funding,High,6/6 features present; buyer-openness deferred (no procurement source in MVP),559,2.66,-9.61,4,88.1,,0.941,2.0,Good,Good,No,-3.7,No,Yes,Yes,No,447807.0,-4.19,46242,131
RBL,Wirral University Teaching Hospital NHS Foundation Trust,North West,Acute - Teaching,36.2,49.8,37.0,,42.0,34.0,D,True,NOF segment 4,Improving,A&E 12-hour,UEC / A&E flow,Segment 4 (intensive support) — qualify funding route,Qualify funding,High,6/6 features present; buyer-openness deferred (no procurement source in MVP),817,2.91,-4.45,4,90.6,,1.0,2.0,Requires improvement,Good,Yes,-3.6,No,Yes,Yes,Yes,539512.0,-2.05,59136,132
RJR,Countess of Chester Hospital NHS Foundation Trust,North West,Acute - Small,28.8,53.7,24.4,,38.0,30.0,D,True,NOF segment 4,Volatile,A&E 12-hour,UEC / A&E flow,Segment 4 (intensive support) — qualify funding route,Qualify funding,High,6/6 features present; buyer-openness deferred (no procurement source in MVP),561,3.0,-9.38,4,92.1,,0.9,2.0,Requires improvement,Requires improvement,Yes,-3.4,No,Yes,Yes,Yes,410035.0,-1.83,34329,133
RWW,Warrington and Halton Teaching Hospitals NHS Foundation Trust,North West,Acute - Teaching,13.9,47.9,44.9,,35.2,27.2,D,True,NOF segment 4,Worsening,A&E 12-hour,UEC / A&E flow,Segment 4 (intensive support) — qualify funding route,Qualify funding,High,6/6 features present; buyer-openness deferred (no procurement source in MVP),639,2.84,-7.7,4,93.3,,1.056,2.0,Good,Good,No,-3.4,No,Yes,Yes,Yes,391966.0,-4.97,60925,134
